"id","title","file","uploaded_at"
"147","Atomic-Habits-An-Easy--Proven-Way-to-Build-Good-Habits--Break-Bad-Ones ( PDFDrive )","documents/Atomic-Habits-An-Easy--Proven-Way-to-Build-Good-Habits--Break-Bad-Ones__PDFDrive_.pdf","2024-12-08 13:21:24.400211+05"
"148","Clean_ Overcoming Addiction and Ending America's Greatest Tragedy ( PDFDrive )","documents/Clean__Overcoming_Addiction_and_Ending_Americas_Greatest_Tragedy__PDFDrive_.pdf","2024-12-08 13:21:24.406664+05"
"149","Driven to Distraction (Revised)_ Recognizing and Coping with Attention Deficit Disorder ( PDFDrive )","documents/Driven_to_Distraction_Revised__Recognizing_and_Coping_with_Attention_Deficit_Disorder__PDFDrive_.pdf","2024-12-08 13:21:24.409625+05"
"150","Fear Less_ Living Beyond Fear, Anxiety, Anger, and Addiction ( PDFDrive )","documents/Fear_Less__Living_Beyond_Fear_Anxiety_Anger_and_Addiction__PDFDrive_.pdf","2024-12-08 13:21:24.416274+05"
"151","Healing the Addicted Brain_ The Revolutionary, Science-Based Alcoholism and Addiction Recovery Program ( PDFDrive )","documents/Healing_the_Addicted_Brain__The_Revolutionary_Science-Based_Alcoholism_and_Addiction_Recovery_Program__PDFDrive_.pdf","2024-12-08 13:21:24.421728+05"
"152","Ikigai _ the Japanese secret to a long and happy life ( PDFDrive )","documents/Ikigai___the_Japanese_secret_to_a_long_and_happy_life__PDFDrive_.pdf","2024-12-08 13:21:24.425753+05"
"153","Mindful Recovery_ A Spiritual Path to Healing from Addiction ( PDFDrive )","documents/Mindful_Recovery__A_Spiritual_Path_to_Healing_from_Addiction__PDFDrive_.pdf","2024-12-08 13:21:24.426759+05"
"154","Never Eat Alone, Expanded and Updated_ And Other Secrets to Success, One Relationship at a Time ( PDFDrive )","documents/Never_Eat_Alone_Expanded_and_Updated__And_Other_Secrets_to_Success_One_Relationship_at_a_Time__PDFDrive_.pdf","2024-12-08 13:21:24.430286+05"
"155","Recovery_ Freedom from Our Addictions ( PDFDrive )","documents/Recovery__Freedom_from_Our_Addictions__PDFDrive_.pdf","2024-12-08 13:21:24.433914+05"
"156","Rewire_ Change Your Brain to Break Bad Habits, Overcome Addictions, Conquer Self-Destruc tive Behavior ( PDFDrive )","documents/Rewire__Change_Your_Brain_to_Break_Bad_Habits_Overcome_Addictions_Conquer_Self-Destruc_tive_Behavior__PDFDrive_.pdf","2024-12-08 13:21:24.437034+05"
"157","Smart Recovery Handbook Tools and Strategies to Help You on Your Recovery Journey, Third Edition (Smart Recovery) (Z-Library)","documents/Smart_Recovery_Handbook_Tools_and_Strategies_to_Help_You_on_Your_Recovery_Journey_Third_Edition_Smart_Recovery_Z-Library.pdf","2024-12-08 13:21:24.442087+05"
"158","The Mindfulness Workbook for Addiction_ A Guide to Coping with the Grief, Stress and Anger that Trigger Addictive Behaviors ( PDFDrive )","documents/The_Mindfulness_Workbook_for_Addiction__A_Guide_to_Coping_with_the_Grief_Stress_and_Anger_that_Trigger_Addictive_Behaviors__PDFDrive_.pdf","2024-12-08 13:21:24.449361+05"
"159","This Naked Mind - Control Alcohol ( PDFDrive )","documents/This_Naked_Mind_-_Control_Alcohol__PDFDrive_.pdf","2024-12-08 13:21:24.452432+05"
"160","Broke Millennial Stop Scraping by and Get Your Financial Life Together (Erin Lowry) (Z-Library)","documents/Broke_Millennial_Stop_Scraping_by_and_Get_Your_Financial_Life_Together_Erin_Lowry_Z-Library.pdf","2024-12-08 13:21:24.456471+05"
"161","Cant Hurt Me (David Goggins) (Z-Library)","documents/Cant_Hurt_Me_David_Goggins_Z-Library.pdf","2024-12-08 13:21:24.460465+05"
"162","Cashflow Quadrant_ Rich Dad's Guide to Financial Freedom   ( PDFDrive )","documents/Cashflow_Quadrant__Rich_Dads_Guide_to_Financial_Freedom____PDFDrive_.pdf","2024-12-08 13:21:24.468239+05"
"163","I Quit Sugar (Sarah Wilson) (Z-Library)","documents/I_Quit_Sugar_Sarah_Wilson_Z-Library.pdf","2024-12-08 13:21:24.471297+05"
"164","I Will Teach you to be Rich ( PDFDrive )","documents/I_Will_Teach_you_to_be_Rich__PDFDrive_.pdf","2024-12-08 13:21:24.475388+05"
"165","Swipe Up for More (Stephanie McNeal) (Z-Library)","documents/Swipe_Up_for_More_Stephanie_McNeal_Z-Library.pdf","2024-12-08 13:21:24.478528+05"
"166","The Total Money Makeover_ A Proven Plan for Financial Fitness, Revised 3rd Edition   ( PDFDrive )","documents/The_Total_Money_Makeover__A_Proven_Plan_for_Financial_Fitness_Revised_3rd_Edition____PDFDrive_.pdf","2024-12-08 13:21:24.483597+05"
"167","Your Money Or Your Life_ 9 Steps to Transforming Your Relationship with Money and Achieving Financial Independence_ Revised and Updated for the 21st Century ( PDFDrive )","documents/Your_Money_Or_Your_Life__9_Steps_to_Transforming_Your_Relationship_with_Money_and_Achieving_Financial_Independence__Revised_and_Updated_for_the_21st_Century__PDFDrive_.pdf","2024-12-08 13:21:24.486688+05"
"168","30 Days_ Change Your Habits, Change Your Life_ A Couple of Simple Steps Every Day to Create the Life You Want ( PDFDrive )","documents/30_Days__Change_Your_Habits_Change_Your_Life__A_Couple_of_Simple_Steps_Every_Day_to_Create_the_Life_You_Want__PDFDrive_.pdf","2024-12-08 13:21:24.490215+05"
"169","Being Mortal ( PDFDrive )","documents/Being_Mortal__PDFDrive_.pdf","2024-12-08 13:21:24.492224+05"
"170","Essentialism_ The Disciplined Pursuit of Less ( PDFDrive )","documents/Essentialism__The_Disciplined_Pursuit_of_Less__PDFDrive_.pdf","2024-12-08 13:21:24.495426+05"
"171","Infant and Early Childhood Mental Health Core Concepts and Clinical Practice ( etc.) (Z-Library)","documents/Infant_and_Early_Childhood_Mental_Health_Core_Concepts_and_Clinical_Practice__etc._Z-Library.pdf","2024-12-08 13:21:24.499985+05"
"172","Man's Search for Meaning ( PDFDrive )","documents/Mans_Search_for_Meaning__PDFDrive_.pdf","2024-12-08 13:21:24.501995+05"
"173","Maybe You Should Talk to Someone (Lori Gottlieb) (Z-Library)","documents/Maybe_You_Should_Talk_to_Someone_Lori_Gottlieb_Z-Library.pdf","2024-12-08 13:21:24.50606+05"
"174","The 4-Hour Workweek, Expanded and Updated_ Expanded and Updated, With Over 100 New Pages of Cutting-Edge Content. ( PDFDrive )","documents/The_4-Hour_Workweek_Expanded_and_Updated__Expanded_and_Updated_With_Over_100_New_Pages_of_Cutting-Edge_Content.__PDFDrive_.pdf","2024-12-08 13:21:24.509578+05"
"175","What Happened to You Conversations on Trauma, Resilience, and Healing (Bruce D. Perry, Oprah Winfrey) (Z-Library)","documents/What_Happened_to_You_Conversations_on_Trauma_Resilience_and_Healing_Bruce_D._Perry_Oprah_Winfrey_Z-Library.pdf","2024-12-08 13:21:24.51459+05"
"176","Cognitive therapy_ basics and beyond ( PDFDrive )","documents/Cognitive_therapy__basics_and_beyond__PDFDrive_.pdf","2024-12-08 13:21:24.517021+05"
"177","Encyclopedia of Psychology and Religion ( PDFDrive )","documents/Encyclopedia_of_Psychology_and_Religion__PDFDrive_.pdf","2024-12-08 13:21:24.525811+05"
"178","Feeling Good_ The New Mood Therapy ( PDFDrive )","documents/Feeling_Good__The_New_Mood_Therapy__PDFDrive_.pdf","2024-12-08 13:21:24.53236+05"
"179","Lost connections - Uncovering the Real Causes of Depression ( PDFDrive )","documents/Lost_connections_-_Uncovering_the_Real_Causes_of_Depression__PDFDrive_.pdf","2024-12-08 13:21:24.53538+05"
"180","Marcus Aurelius_ Meditations ( PDFDrive )","documents/Marcus_Aurelius__Meditations__PDFDrive_.pdf","2024-12-08 13:21:24.537473+05"
"181","Mindfulness-based and Cognitive-behavior Therapy for Anger  ( PDFDrive )","documents/Mindfulness-based_and_Cognitive-behavior_Therapy_for_Anger___PDFDrive_.pdf","2024-12-08 13:21:24.541122+05"
"182","Mindfulness-Based Cognitive Therapy for recurrent depression ( PDFDrive )","documents/Mindfulness-Based_Cognitive_Therapy_for_recurrent_depression__PDFDrive_.pdf","2024-12-08 13:21:24.544138+05"
"183","Scattered Minds ( PDFDrive )","documents/Scattered_Minds__PDFDrive_.pdf","2024-12-08 13:21:24.546145+05"
"217","How to Talk to a Narcissist (Joan Lachkar) (Z-Library)","documents/How_to_Talk_to_a_Narcissist_Joan_Lachkar_Z-Library.pdf","2024-12-08 13:21:24.679405+05"
"184","Stoic Six Pack_ Meditations of Marcus Aurelius, Golden Sayings, Fragments and Discourses of Epictetus, Letters From A Stoic and The Enchiridion ( PDFDrive )","documents/Stoic_Six_Pack__Meditations_of_Marcus_Aurelius_Golden_Sayings_Fragments_and_Discourses_of_Epictetus_Letters_From_A_Stoic_and_The_Enchiridion__PDFDrive_.pdf","2024-12-08 13:21:24.552403+05"
"185","The Anxiety and Phobia Workbook ( PDFDrive )","documents/The_Anxiety_and_Phobia_Workbook__PDFDrive_.pdf","2024-12-08 13:21:24.556878+05"
"186","The Anxiety Toolkit_ Strategies for Fine-Tuning Your Mind and Moving Past Your Stuck Points ( PDFDrive )","documents/The_Anxiety_Toolkit__Strategies_for_Fine-Tuning_Your_Mind_and_Moving_Past_Your_Stuck_Points__PDFDrive_.pdf","2024-12-08 13:21:24.560404+05"
"187","The Body Keeps the Score_ Brain, Mind, and Body in the Healing of Trauma ( PDFDrive )","documents/The_Body_Keeps_the_Score__Brain_Mind_and_Body_in_the_Healing_of_Trauma__PDFDrive_.pdf","2024-12-08 13:21:24.567505+05"
"188","The Depression Cure_ The 6-Step Program to Beat Depression without Drugs   ( PDFDrive )","documents/The_Depression_Cure__The_6-Step_Program_to_Beat_Depression_without_Drugs____PDFDrive_.pdf","2024-12-08 13:21:24.570795+05"
"189","The Farther Reaches of Human Nature ( PDFDrive )","documents/The_Farther_Reaches_of_Human_Nature__PDFDrive_.pdf","2024-12-08 13:21:24.58231+05"
"190","The untethered soul _ the journey beyond yourself ( PDFDrive )","documents/The_untethered_soul___the_journey_beyond_yourself__PDFDrive_.pdf","2024-12-08 13:21:24.585814+05"
"191","When Panic Attacks_ The New, Drug-Free Anxiety Therapy That Can Change Your Life ( PDFDrive )","documents/When_Panic_Attacks__The_New_Drug-Free_Anxiety_Therapy_That_Can_Change_Your_Life__PDFDrive_.pdf","2024-12-08 13:21:24.592448+05"
"192","Child Psychology and Psychiatry ( PDFDrive )","documents/Child_Psychology_and_Psychiatry__PDFDrive_.pdf","2024-12-08 13:21:24.595535+05"
"193","Conscious parents Conscious kids ( PDFDrive )","documents/Conscious_parents_Conscious_kids__PDFDrive_.pdf","2024-12-08 13:21:24.598548+05"
"194","How Children Thrive_ The Practical Science of Raising Independent, Resilient, and Happy Kids ( PDFDrive )","documents/How_Children_Thrive__The_Practical_Science_of_Raising_Independent_Resilient_and_Happy_Kids__PDFDrive_.pdf","2024-12-08 13:21:24.600612+05"
"195","Kids Are Worth It! _ Giving Your Child The Gift Of Inner Discipline ( PDFDrive )","documents/Kids_Are_Worth_It___Giving_Your_Child_The_Gift_Of_Inner_Discipline__PDFDrive_.pdf","2024-12-08 13:21:24.603768+05"
"196","No-Drama Discipline_ The Whole-Brain Way to Calm the Chaos and Nurture Your Child's Developing Mind ( PDFDrive )","documents/No-Drama_Discipline__The_Whole-Brain_Way_to_Calm_the_Chaos_and_Nurture_Your_Childs_Developing_Mind__PDFDrive_.pdf","2024-12-08 13:21:24.612463+05"
"197","Nurturing Attachments Supporting Children Who Are Fostered or Adopted (Kim S. Golding) (Z-Library)","documents/Nurturing_Attachments_Supporting_Children_Who_Are_Fostered_or_Adopted_Kim_S._Golding_Z-Library.pdf","2024-12-08 13:21:24.615475+05"
"198","Parenting Teens with Love, Logic and Boundaries ( PDFDrive )","documents/Parenting_Teens_with_Love_Logic_and_Boundaries__PDFDrive_.pdf","2024-12-08 13:21:24.617524+05"
"199","Positive Discipline for Teenagers. Empowering Your Teens and Yourself Through Kind and Firm Parenting ( PDFDrive )","documents/Positive_Discipline_for_Teenagers._Empowering_Your_Teens_and_Yourself_Through_Kind_and_Firm_Parenting__PDFDrive_.pdf","2024-12-08 13:21:24.620668+05"
"200","Raising An Emotionally Intelligent Child The Heart of Parenting ( PDFDrive )","documents/Raising_An_Emotionally_Intelligent_Child_The_Heart_of_Parenting__PDFDrive_.pdf","2024-12-08 13:21:24.623698+05"
"201","The Gifts of Imperfection_ Let Go of Who You Think You're Supposed to Be and Embrace Who You Are ( PDFDrive )","documents/The_Gifts_of_Imperfection__Let_Go_of_Who_You_Think_Youre_Supposed_to_Be_and_Embrace_Who_You_Are__PDFDrive_.pdf","2024-12-08 13:21:24.625519+05"
"202","The Handbook of Therapeutic Care for Children Evidence-Informed Approaches to Working with Traumatized Children and... (Janise Mitchell, Joe Tucci, Ed Tronick etc.) (Z-Library)","documents/The_Handbook_of_Therapeutic_Care_for_Children_Evidence-Informed_Approaches_to_Working_with_Traumatized_Children_and..._Janise_Mitchell_Joe_Tucci_Ed_Tronick_etc._Z-Library.pdf","2024-12-08 13:21:24.636222+05"
"203","The Whole-Brain Child_ 12 Revolutionary Strategies to Nurture Your Child's Developing Mind ( PDFDrive ) (1)","documents/The_Whole-Brain_Child__12_Revolutionary_Strategies_to_Nurture_Your_Childs_Developing_Mind__PDFDrive__1.pdf","2024-12-08 13:21:24.640237+05"
"204","The Whole-Brain Child_ 12 Revolutionary Strategies to Nurture Your Child's Developing Mind ( PDFDrive )","documents/The_Whole-Brain_Child__12_Revolutionary_Strategies_to_Nurture_Your_Childs_Developing_Mind__PDFDrive_.pdf","2024-12-08 13:21:24.643745+05"
"205","101WaysToHave100SuccessInMarriage","documents/101WaysToHave100SuccessInMarriage.pdf","2024-12-08 13:21:24.645796+05"
"206","30 Days_ Change Your Habits, Change Your Life_ A Couple of Simple Steps Every Day to Create the Life You Want ( PDFDrive )","documents/30_Days__Change_Your_Habits_Change_Your_Life__A_Couple_of_Simple_Steps_Every_Day_to_Create_the_Life_You_Want__PDFDrive__NTqSndj.pdf","2024-12-08 13:21:24.6468+05"
"207","5 Types of People Who Can Ruin Your Life_ Identifying and Dealing with Narcissists, Sociopaths, and Other High-Conflict Personalities ( PDFDrive )","documents/5_Types_of_People_Who_Can_Ruin_Your_Life__Identifying_and_Dealing_with_Narcissists_Sociopaths_and_Other_High-Conflict_Personalities__PDFDrive_.pdf","2024-12-08 13:21:24.650435+05"
"208","Attached to God A Practical Guide to Deeper Spiritual Experience (Krispin Mayfield) (Z-Library)","documents/Attached_to_God_A_Practical_Guide_to_Deeper_Spiritual_Experience_Krispin_Mayfield_Z-Library.pdf","2024-12-08 13:21:24.654532+05"
"209","Attached_ The New Science of Adult Attachment and How It Can Help You Find and Keep Love  ( PDFDrive )","documents/Attached__The_New_Science_of_Adult_Attachment_and_How_It_Can_Help_You_Find_and_Keep_Love___PDFDrive_.pdf","2024-12-08 13:21:24.658076+05"
"210","Boundaries-in-dating","documents/Boundaries-in-dating.pdf","2024-12-08 13:21:24.660255+05"
"211","Children of the Self-Absorbed A Grown-Ups Guide to Getting over Narcissistic Parents (Nina W. Brown) (Z-Library)","documents/Children_of_the_Self-Absorbed_A_Grown-Ups_Guide_to_Getting_over_Narcissistic_Parents_Nina_W._Brown_Z-Library.pdf","2024-12-08 13:21:24.662266+05"
"212","Dont You Know Who I Am How to Stay Sane in an Era of Narcissism, Entitlement, and Incivility (Ramani Durvasula) (Z-Library)","documents/Dont_You_Know_Who_I_Am_How_to_Stay_Sane_in_an_Era_of_Narcissism_Entitlement_and_Incivility_Ramani_Durvasula_Z-Library.pdf","2024-12-08 13:21:24.665278+05"
"213","Getting the Love You Want A Guide for Couples (Harville Hendrix) (Z-Library)","documents/Getting_the_Love_You_Want_A_Guide_for_Couples_Harville_Hendrix_Z-Library.pdf","2024-12-08 13:21:24.667429+05"
"214","Healing the Angry Brain_ How Understanding the Way Your Brain Works Can Help You Control Anger and Aggression ( PDFDrive )","documents/Healing_the_Angry_Brain__How_Understanding_the_Way_Your_Brain_Works_Can_Help_You_Control_Anger_and_Aggression__PDFDrive_.pdf","2024-12-08 13:21:24.670845+05"
"215","Hold me tight _ seven conversations for a lifetime of love ( PDFDrive )","documents/Hold_me_tight___seven_conversations_for_a_lifetime_of_love__PDFDrive_.pdf","2024-12-08 13:21:24.672856+05"
"216","How to Talk So Kids Will Listen & Listen So Kids Will Talk ( PDFDrive )","documents/How_to_Talk_So_Kids_Will_Listen__Listen_So_Kids_Will_Talk__PDFDrive_.pdf","2024-12-08 13:21:24.676885+05"
"218","Insecure in Love_ How Anxious Attachment Can Make You Feel Jealous, Needy, and Worried and What You Can Do About It ( PDFDrive )","documents/Insecure_in_Love__How_Anxious_Attachment_Can_Make_You_Feel_Jealous_Needy_and_Worried_and_What_You_Can_Do_About_It__PDFDrive_.pdf","2024-12-08 13:21:24.68243+05"
"219","Mating in Captivity. (Esther Perel) (Z-Library)","documents/Mating_in_Captivity._Esther_Perel_Z-Library.pdf","2024-12-08 13:21:24.688446+05"
"220","Men Are from Mars, Women Are from Venus (John Gray) (Z-Library)","documents/Men_Are_from_Mars_Women_Are_from_Venus_John_Gray_Z-Library.pdf","2024-12-08 13:21:24.691663+05"
"221","Nonviolent Communication_ A Language of Life_ Create Your Life, Your Relationships, and Your World in Harmony with Your Values ( PDFDrive )","documents/Nonviolent_Communication__A_Language_of_Life__Create_Your_Life_Your_Relationships_and_Your_World_in_Harmony_with_Your_Values__PDFDrive_.pdf","2024-12-08 13:21:24.693671+05"
"222","Should I Stay or Should I Go Surviving a Relationship with a Narcissist (Ramani Durvasula) (Z-Library)","documents/Should_I_Stay_or_Should_I_Go_Surviving_a_Relationship_with_a_Narcissist_Ramani_Durvasula_Z-Library.pdf","2024-12-08 13:21:24.697078+05"
"223","The 5 Love Languages The secret of Love that Lasts (Gary Chapman) (Z-Library)","documents/The_5_Love_Languages_The_secret_of_Love_that_Lasts_Gary_Chapman_Z-Library.pdf","2024-12-08 13:21:24.700129+05"
"224","The Analysis of the Self A Systematic Approach to the Psychoanalytic Treatment of Narcissistic Personality Disorders (Heinz Kohut) (Z-Library)","documents/The_Analysis_of_the_Self_A_Systematic_Approach_to_the_Psychoanalytic_Treatment_of_Narcissistic_Personality_Disorders_Heinz_Kohut_Z-Library.pdf","2024-12-08 13:21:24.719576+05"
"225","The Assertiveness Guide for Women_ How to Communicate Your Needs, Set Healthy Boundaries, and Transform Your Relationships ( PDFDrive )","documents/The_Assertiveness_Guide_for_Women__How_to_Communicate_Your_Needs_Set_Healthy_Boundaries_and_Transform_Your_Relationships__PDFDrive_.pdf","2024-12-08 13:21:24.727019+05"
"226","1._100_ways_to_motivate_yourself","documents/1._100_ways_to_motivate_yourself.pdf","2024-12-08 13:21:24.730526+05"
"227","50 Mindful Steps to Self-Esteem. Everyday Practices for Cultivating Self-Acceptance and Self-Compassion ( PDFDrive )","documents/50_Mindful_Steps_to_Self-Esteem._Everyday_Practices_for_Cultivating_Self-Acceptance_and_Self-Compassion__PDFDrive_.pdf","2024-12-08 13:21:24.732683+05"
"228","Alan Watts Lectures","documents/Alan_Watts_Lectures.pdf","2024-12-08 13:21:24.735047+05"
"229","Alan Watts--Here and Now_ Contributions to Psychology, Philosophy, and Religion ( PDFDrive )","documents/Alan_Watts--Here_and_Now__Contributions_to_Psychology_Philosophy_and_Religion__PDFDrive_.pdf","2024-12-08 13:21:24.740183+05"
"230","Am I Enough__ Embracing the Truth About Who You Are ( PDFDrive )","documents/Am_I_Enough___Embracing_the_Truth_About_Who_You_Are__PDFDrive_.pdf","2024-12-08 13:21:24.742706+05"
"231","Awaken the Giant Within - Winner Walking ( PDFDrive )","documents/Awaken_the_Giant_Within_-_Winner_Walking__PDFDrive_.pdf","2024-12-08 13:21:24.745943+05"
"232","Confidence_ Overcoming Low Self-Esteem, Insecurity, and Self-Doubt ( PDFDrive )","documents/Confidence__Overcoming_Low_Self-Esteem_Insecurity_and_Self-Doubt__PDFDrive_.pdf","2024-12-08 13:21:24.748453+05"
"233","Daring Greatly_ How the Courage to Be Vulnerable Transforms the Way We Live, Love, Parent, and Lead ( PDFDrive )","documents/Daring_Greatly__How_the_Courage_to_Be_Vulnerable_Transforms_the_Way_We_Live_Love_Parent_and_Lead__PDFDrive_.pdf","2024-12-08 13:21:24.751486+05"
"234","Feel the Fear and Do It Anyway ( PDFDrive )","documents/Feel_the_Fear_and_Do_It_Anyway__PDFDrive_.pdf","2024-12-08 13:21:24.755878+05"
"235","How To Improve Memory - The Ultimate Mind Power Manual - The Best Brain Exercises to Improve Your Memory and Master Your Mind Power ( PDFDrive )","documents/How_To_Improve_Memory_-_The_Ultimate_Mind_Power_Manual_-_The_Best_Brain_Exercises_to_Improve_Your_Memory_and_Master_Your_Mind_Power__PDFDrive_.pdf","2024-12-08 13:21:24.759438+05"
"236","Presence ( PDFDrive )","documents/Presence__PDFDrive_.pdf","2024-12-08 13:21:24.762455+05"
"237","Quiet_ The Power of Introverts in a World That Can't Stop Talking ( PDFDrive )","documents/Quiet__The_Power_of_Introverts_in_a_World_That_Cant_Stop_Talking__PDFDrive_.pdf","2024-12-08 13:21:24.766734+05"
"238","Radical Acceptance_ Embracing Your Life With the Heart of a Buddha ( PDFDrive )","documents/Radical_Acceptance__Embracing_Your_Life_With_the_Heart_of_a_Buddha__PDFDrive_.pdf","2024-12-08 13:21:24.769257+05"
"239","Self-Compassion ( PDFDrive )","documents/Self-Compassion__PDFDrive_.pdf","2024-12-08 13:21:24.772282+05"
"240","Subconscious Mind Power How to Use the Hidden Power of Your Subconscious Mind ( PDFDrive )","documents/Subconscious_Mind_Power_How_to_Use_the_Hidden_Power_of_Your_Subconscious_Mind__PDFDrive_.pdf","2024-12-08 13:21:24.774426+05"
"241","The Gifts of Imperfection (Brené Brown) (Z-Library)","documents/The_Gifts_of_Imperfection_Brené_Brown_Z-Library.pdf","2024-12-08 13:21:24.776504+05"
"242","The Power of Self-Esteem ( PDFDrive )","documents/The_Power_of_Self-Esteem__PDFDrive_.pdf","2024-12-08 13:21:24.781091+05"
"243","You Are a Badass_ How to Stop Doubting Your Greatness and Start Living an Awesome Life ( PDFDrive )","documents/You_Are_a_Badass__How_to_Stop_Doubting_Your_Greatness_and_Start_Living_an_Awesome_Life__PDFDrive_.pdf","2024-12-08 13:21:24.784106+05"
"244","Antifragile_ Things That Gain from Disorder ( PDFDrive )","documents/Antifragile__Things_That_Gain_from_Disorder__PDFDrive_.pdf","2024-12-08 13:21:24.790928+05"
"245","Anxiety & Depression Workbook ( PDFDrive )","documents/Anxiety__Depression_Workbook__PDFDrive_.pdf","2024-12-08 13:21:24.798447+05"
"246","Be Here Now ( PDFDrive )","documents/Be_Here_Now__PDFDrive_.pdf","2024-12-08 13:21:24.811479+05"
"247","Burnout_ The Secret to Unlocking the Stress Cycle ( PDFDrive )","documents/Burnout__The_Secret_to_Unlocking_the_Stress_Cycle__PDFDrive_.pdf","2024-12-08 13:21:24.81651+05"
"248","Calm the F_ck Down_ How to Control What You Can and Accept What You Can’t So You Can Stop Freaking Out and Get On With Your Life ( PDFDrive ) (1)","documents/Calm_the_F_ck_Down__How_to_Control_What_You_Can_and_Accept_What_You_Cant_So_You_Can_Stop_Freaking_Out_and_Get_On_With_Your_Life__PDFDrive__1.pdf","2024-12-08 13:21:24.821118+05"
"249","Calm the F_ck Down_ How to Control What You Can and Accept What You Can’t So You Can Stop Freaking Out and Get On With Your Life ( PDFDrive )","documents/Calm_the_F_ck_Down__How_to_Control_What_You_Can_and_Accept_What_You_Cant_So_You_Can_Stop_Freaking_Out_and_Get_On_With_Your_Life__PDFDrive_.pdf","2024-12-08 13:21:24.82552+05"
"250","Full Catastrophe Living ( PDFDrive )","documents/Full_Catastrophe_Living__PDFDrive_.pdf","2024-12-08 13:21:24.830103+05"
"251","Healing Back Pain_ The Mind-Body Connection ( PDFDrive )","documents/Healing_Back_Pain__The_Mind-Body_Connection__PDFDrive_.pdf","2024-12-08 13:21:24.848383+05"
"252","Laser-Sharp Focus. A No-Fluff Guide to Improved Concentration, Maximised Productivity and Fast-Track to Success ( PDFDrive )","documents/Laser-Sharp_Focus._A_No-Fluff_Guide_to_Improved_Concentration_Maximised_Productivity_and_Fast-Track_to_Success__PDFDrive_.pdf","2024-12-08 13:21:24.850404+05"
"253","Light on Yoga_ The Bible of Modern Yoga ( PDFDrive )","documents/Light_on_Yoga__The_Bible_of_Modern_Yoga__PDFDrive_.pdf","2024-12-08 13:21:24.860951+05"
"254","Practicing the Power of Now_ Essential Teachings, Meditations, and Exercises from The Power of Now ( PDFDrive )","documents/Practicing_the_Power_of_Now__Essential_Teachings_Meditations_and_Exercises_from_The_Power_of_Now__PDFDrive_.pdf","2024-12-08 13:21:24.870101+05"
"255","Present Over Perfect_ Leaving Behind Frantic for a Simpler, More Soulful Way of Living ( PDFDrive )","documents/Present_Over_Perfect__Leaving_Behind_Frantic_for_a_Simpler_More_Soulful_Way_of_Living__PDFDrive_.pdf","2024-12-08 13:21:24.873114+05"
"256","ram dass ( PDFDrive )","documents/ram_dass__PDFDrive_.pdf","2024-12-08 13:21:24.877128+05"
"257","Real Happiness at Work (Sharon Salzberg) (Z-Library)","documents/Real_Happiness_at_Work_Sharon_Salzberg_Z-Library.pdf","2024-12-08 13:21:24.880406+05"
"258","The Mindful Way Workbook_ An 8-Week Program to Free Yourself from Depression and Emotional Distress ( PDFDrive )","documents/The_Mindful_Way_Workbook__An_8-Week_Program_to_Free_Yourself_from_Depression_and_Emotional_Distress__PDFDrive_.pdf","2024-12-08 13:21:24.888175+05"
"259","The Willpower Instinct_ How Self-Control Works, Why It Matters, and What You Can Do To Get More ... ( PDFDrive )","documents/The_Willpower_Instinct__How_Self-Control_Works_Why_It_Matters_and_What_You_Can_Do_To_Get_More_...__PDFDrive_.pdf","2024-12-08 13:21:24.891534+05"
"260","Unstoppable_ Using the power of focus to take action and achieve your goals ( PDFDrive )","documents/Unstoppable__Using_the_power_of_focus_to_take_action_and_achieve_your_goals__PDFDrive_.pdf","2024-12-08 13:21:24.893558+05"
"261","why zebras don't get ulcers ( PDFDrive )","documents/why_zebras_dont_get_ulcers__PDFDrive_.pdf","2024-12-08 13:21:24.900539+05"
"262","Why Zebras Don't Get Ulcers_ The Acclaimed Guide to Stress, Stress-Related Diseases, and Coping   ( PDFDrive )","documents/Why_Zebras_Dont_Get_Ulcers__The_Acclaimed_Guide_to_Stress_Stress-Related_Diseases_and_Coping____PDFDrive_.pdf","2024-12-08 13:21:24.906561+05"
"263","An introduction to cyberpsychology ( PDFDrive )","documents/An_introduction_to_cyberpsychology__PDFDrive_.pdf","2024-12-08 13:21:24.912136+05"
"264","Cyberpsychology_ The Study of Individuals, Society and Digital Technologies ( PDFDrive )","documents/Cyberpsychology__The_Study_of_Individuals_Society_and_Digital_Technologies__PDFDrive_.pdf","2024-12-08 13:21:24.916327+05"
"265","Digital Minimalism choosing a focused life in a noisy world (Cal Newport) (Z-Library)","documents/Digital_Minimalism_choosing_a_focused_life_in_a_noisy_world_Cal_Newport_Z-Library.pdf","2024-12-08 13:21:24.920864+05"
"266","How to Break Up with Your Phone ( PDFDrive )","documents/How_to_Break_Up_with_Your_Phone__PDFDrive_.pdf","2024-12-08 13:21:24.92434+05"
"267","Reclaiming Conversation The Power of Talk in a Digital Age ( PDFDrive )","documents/Reclaiming_Conversation_The_Power_of_Talk_in_a_Digital_Age__PDFDrive_.pdf","2024-12-08 13:21:24.92634+05"
"268","You Are Not a Gadget ( PDFDrive )","documents/You_Are_Not_a_Gadget__PDFDrive_.pdf","2024-12-08 13:21:24.928844+05"
"269","A Grief Observed by CS Lewis ( PDFDrive )","documents/A_Grief_Observed_by_CS_Lewis__PDFDrive_.pdf","2024-12-08 13:21:24.930975+05"
"270","A Man Called Ove ( PDFDrive )","documents/A_Man_Called_Ove__PDFDrive_.pdf","2024-12-08 13:21:24.934771+05"
"271","Boundaries_ When to Say Yes, How to Say No to Take Control of Your Life ( PDFDrive )","documents/Boundaries__When_to_Say_Yes_How_to_Say_No_to_Take_Control_of_Your_Life__PDFDrive_.pdf","2024-12-08 13:21:24.938289+05"
"272","Carl Jung_ Wounded Healer of the Soul ( PDFDrive )","documents/Carl_Jung__Wounded_Healer_of_the_Soul__PDFDrive_.pdf","2024-12-08 13:21:24.948085+05"
"273","Healing After Loss_ Daily Meditations For Working Through Grief ( PDFDrive )","documents/Healing_After_Loss__Daily_Meditations_For_Working_Through_Grief__PDFDrive_.pdf","2024-12-08 13:21:24.952351+05"
"274","Healing Trauma - A Pioneering Program for Restoring the Wisdom of Your Body   ( PDFDrive )","documents/Healing_Trauma_-_A_Pioneering_Program_for_Restoring_the_Wisdom_of_Your_Body____PDFDrive_.pdf","2024-12-08 13:21:24.955667+05"
"275","Healing your Emotional Self - A Powerful Program to Help you Raise your Self-Esteem, Quiet your Inner Critic, and Overcome your Shame - Wiley ( PDFDrive )","documents/Healing_your_Emotional_Self_-_A_Powerful_Program_to_Help_you_Raise_your_Self-Esteem_Quiet_your_Inner_Critic_and_Overcome_your_Shame_-_Wiley__PDFDrive_.pdf","2024-12-08 13:21:24.95844+05"
"276","Healing Your Grieving Soul_ 100 Spiritual Practices for Mourners (Healing Your Grieving Heart series) ( PDFDrive )","documents/Healing_Your_Grieving_Soul__100_Spiritual_Practices_for_Mourners_Healing_Your_Grieving_Heart_series__PDFDrive_.pdf","2024-12-08 13:21:24.960744+05"
"277","Its Ok That Youre Not Ok Meeting Grief and Loss in a Culture That Doesnt Understand (Megan Devine) (Z-Library)","documents/Its_Ok_That_Youre_Not_Ok_Meeting_Grief_and_Loss_in_a_Culture_That_Doesnt_Understand_Megan_Devine_Z-Library.pdf","2024-12-08 13:21:24.96524+05"
"278","Modern Man in Search of a Soul   ( PDFDrive )","documents/Modern_Man_in_Search_of_a_Soul____PDFDrive_.pdf","2024-12-08 13:21:24.968236+05"
"279","Option B_ Facing Adversity, Building Resilience, and Finding Joy ( PDFDrive )","documents/Option_B__Facing_Adversity_Building_Resilience_and_Finding_Joy__PDFDrive_.pdf","2024-12-08 13:21:24.974342+05"
"280","The Power of Self-Esteem ( PDFDrive )","documents/The_Power_of_Self-Esteem__PDFDrive__xATHu4o.pdf","2024-12-08 13:21:24.978286+05"
"281","Blindspot_ Hidden Biases of Good People ( PDFDrive )","documents/Blindspot__Hidden_Biases_of_Good_People__PDFDrive_.pdf","2024-12-08 13:21:24.983981+05"
"282","Braving the Wilderness_ The Quest for True Belonging and the Courage to Stand Alone ( PDFDrive )","documents/Braving_the_Wilderness__The_Quest_for_True_Belonging_and_the_Courage_to_Stand_Alone__PDFDrive_.pdf","2024-12-08 13:21:24.987098+05"
"283","Crucial Conversations ( PDFDrive )","documents/Crucial_Conversations__PDFDrive_.pdf","2024-12-08 13:21:24.994108+05"
"284","Dare to Lead Like a Girl (Dalia Feldheim) (Z-Library)","documents/Dare_to_Lead_Like_a_Girl_Dalia_Feldheim_Z-Library.pdf","2024-12-08 13:21:25.000222+05"
"285","How to Work for an Idiot, Revised and Expanded with More Idiots, More Insanity, and More Incompetency_ Survive and Thrive Without Killing Your Boss ( PDFDrive )","documents/How_to_Work_for_an_Idiot_Revised_and_Expanded_with_More_Idiots_More_Insanity_and_More_Incompetency__Survive_and_Thrive_Without_Killing_Your_Boss__PDFDrive_.pdf","2024-12-08 13:21:25.00562+05"
"286","Miracle Morning Millionaires_ What the Wealthy Do Before 8AM That Will Make You Rich (The Miracle Morning Book 11) ( PDFDrive )","documents/Miracle_Morning_Millionaires__What_the_Wealthy_Do_Before_8AM_That_Will_Make_You_Rich_The_Miracle_Morning_Book_11__PDFDrive_.pdf","2024-12-08 13:21:25.011886+05"
"287","Radical Candor_ Be a Kick-Ass Boss Without Losing Your Humanity ( PDFDrive )","documents/Radical_Candor__Be_a_Kick-Ass_Boss_Without_Losing_Your_Humanity__PDFDrive_.pdf","2024-12-08 13:21:25.022467+05"
"288","Surrounded By Idiots (Thomas Erikson, David John) (Z-Library)","documents/Surrounded_By_Idiots_Thomas_Erikson_David_John_Z-Library.pdf","2024-12-08 13:21:25.029687+05"
"289","The Art of Work_ A Proven Path to Discovering What You Were Meant to Do ( PDFDrive )","documents/The_Art_of_Work__A_Proven_Path_to_Discovering_What_You_Were_Meant_to_Do__PDFDrive_.pdf","2024-12-08 13:21:25.033892+05"
"290","The Miracle Morning_ The Not-So-Obvious Secret Guaranteed to Transform Your Life ( PDFDrive )","documents/The_Miracle_Morning__The_Not-So-Obvious_Secret_Guaranteed_to_Transform_Your_Life__PDFDrive_.pdf","2024-12-08 13:21:25.037537+05"
"291","Thinking, Fast and Slow   ( PDFDrive )","documents/Thinking_Fast_and_Slow____PDFDrive_.pdf","2024-12-08 13:21:25.043637+05"
"292","Work Rules!_ Insights from Inside Google That Will Transform How You Live and Lead ( PDFDrive )","documents/Work_Rules__Insights_from_Inside_Google_That_Will_Transform_How_You_Live_and_Lead__PDFDrive_.pdf","2024-12-08 13:21:25.052805+05"
